index,clarity_label
0,Ambivalent
1,Ambivalent
2,Ambivalent
3,Ambivalent
4,Clear Reply
5,Ambivalent
6,Ambivalent
7,Ambivalent
8,Ambivalent
9,Ambivalent
10,Ambivalent
11,Ambivalent
12,Clear Reply
13,Ambivalent
14,Ambivalent
15,Clear Reply
16,Ambivalent
17,Ambivalent
18,Ambivalent
19,Ambivalent
20,Clear Reply
21,Clear Reply
22,Ambivalent
23,Ambivalent
24,Ambivalent
25,Ambivalent
26,Ambivalent
27,Ambivalent
28,Ambivalent
29,Clear Non-Reply
30,Ambivalent
31,Ambivalent
32,Ambivalent
33,Clear Non-Reply
34,Clear Reply
35,Ambivalent
36,Clear Reply
37,Ambivalent
38,Clear Reply
39,Ambivalent
40,Ambivalent
41,Ambivalent
42,Clear Reply
43,Clear Non-Reply
44,Ambivalent
45,Ambivalent
46,Clear Reply
47,Ambivalent
48,Clear Reply
49,Clear Non-Reply
50,Ambivalent
51,Ambivalent
52,Ambivalent
53,Ambivalent
54,Clear Reply
55,Ambivalent
56,Clear Reply
57,Clear Reply
58,Ambivalent
59,Ambivalent
60,Clear Reply
61,Clear Reply
62,Clear Reply
63,Ambivalent
64,Ambivalent
65,Clear Reply
66,Clear Reply
67,Ambivalent
68,Ambivalent
69,Ambivalent
70,Clear Reply
71,Ambivalent
72,Clear Non-Reply
73,Ambivalent
74,Clear Reply
75,Clear Reply
76,Ambivalent
77,Ambivalent
78,Clear Reply
79,Ambivalent
80,Clear Reply
81,Clear Reply
82,Ambivalent
83,Clear Non-Reply
84,Clear Non-Reply
85,Ambivalent
86,Ambivalent
87,Clear Reply
88,Clear Non-Reply
89,Ambivalent
90,Ambivalent
91,Ambivalent
92,Ambivalent
93,Ambivalent
94,Clear Non-Reply
95,Ambivalent
96,Ambivalent
97,Ambivalent
98,Clear Reply
99,Ambivalent
100,Ambivalent
101,Clear Reply
102,Ambivalent
103,Ambivalent
104,Ambivalent
105,Ambivalent
106,Ambivalent
107,Clear Reply
108,Clear Non-Reply
109,Ambivalent
110,Clear Reply
111,Ambivalent
112,Ambivalent
113,Clear Reply
114,Clear Reply
115,Ambivalent
116,Ambivalent
117,Ambivalent
118,Ambivalent
119,Ambivalent
120,Clear Reply
121,Clear Reply
122,Clear Reply
123,Ambivalent
124,Ambivalent
125,Clear Reply
126,Ambivalent
127,Ambivalent
128,Ambivalent
129,Ambivalent
130,Ambivalent
131,Ambivalent
132,Ambivalent
133,Ambivalent
134,Ambivalent
135,Clear Reply
136,Clear Reply
137,Ambivalent
138,Clear Reply
139,Ambivalent
140,Clear Reply
141,Ambivalent
142,Clear Reply
143,Ambivalent
144,Ambivalent
145,Ambivalent
146,Ambivalent
147,Clear Reply
148,Ambivalent
149,Ambivalent
150,Clear Reply
151,Clear Reply
152,Ambivalent
153,Ambivalent
154,Clear Reply
155,Ambivalent
156,Clear Non-Reply
157,Ambivalent
158,Ambivalent
159,Ambivalent
160,Ambivalent
161,Ambivalent
162,Clear Reply
163,Ambivalent
164,Clear Reply
165,Clear Reply
166,Ambivalent
167,Ambivalent
168,Ambivalent
169,Ambivalent
170,Ambivalent
171,Ambivalent
172,Ambivalent
173,Ambivalent
174,Ambivalent
175,Ambivalent
176,Clear Reply
177,Ambivalent
178,Ambivalent
179,Clear Non-Reply
180,Clear Reply
181,Ambivalent
182,Ambivalent
183,Clear Non-Reply
184,Clear Reply
185,Ambivalent
186,Clear Non-Reply
187,Clear Reply
188,Clear Non-Reply
189,Ambivalent
190,Ambivalent
191,Ambivalent
192,Ambivalent
193,Ambivalent
194,Ambivalent
195,Ambivalent
196,Ambivalent
197,Clear Reply
198,Ambivalent
199,Ambivalent
200,Ambivalent
201,Clear Reply
202,Ambivalent
203,Ambivalent
204,Ambivalent
205,Ambivalent
206,Clear Reply
207,Clear Reply
208,Ambivalent
209,Ambivalent
210,Ambivalent
211,Ambivalent
212,Clear Reply
213,Clear Reply
214,Ambivalent
215,Ambivalent
216,Ambivalent
217,Ambivalent
218,Clear Reply
219,Ambivalent
220,Ambivalent
221,Ambivalent
222,Ambivalent
223,Ambivalent
224,Ambivalent
225,Ambivalent
226,Ambivalent
227,Ambivalent
228,Ambivalent
229,Ambivalent
230,Clear Reply
231,Ambivalent
232,Ambivalent
233,Ambivalent
234,Ambivalent
235,Ambivalent
236,Clear Reply
237,Clear Non-Reply
238,Ambivalent
239,Ambivalent
240,Clear Non-Reply
241,Clear Reply
242,Clear Reply
243,Ambivalent
244,Ambivalent
245,Clear Reply
246,Ambivalent
247,Clear Reply
248,Ambivalent
249,Clear Reply
250,Ambivalent
251,Ambivalent
252,Ambivalent
253,Ambivalent
254,Ambivalent
255,Ambivalent
256,Ambivalent
257,Ambivalent
258,Clear Non-Reply
259,Clear Reply
260,Clear Reply
261,Ambivalent
262,Clear Reply
263,Clear Non-Reply
264,Ambivalent
265,Clear Non-Reply
266,Clear Reply
267,Clear Reply
268,Ambivalent
269,Ambivalent
270,Clear Reply
271,Ambivalent
272,Ambivalent
273,Ambivalent
274,Ambivalent
275,Ambivalent
276,Clear Non-Reply
277,Ambivalent
278,Clear Reply
279,Clear Reply
280,Ambivalent
281,Clear Reply
282,Clear Reply
283,Ambivalent
284,Clear Reply
285,Ambivalent
286,Ambivalent
287,Ambivalent
288,Ambivalent
289,Clear Reply
290,Clear Reply
291,Ambivalent
292,Ambivalent
293,Clear Reply
294,Ambivalent
295,Ambivalent
296,Ambivalent
297,Ambivalent
298,Ambivalent
299,Ambivalent
300,Ambivalent
301,Clear Reply
302,Ambivalent
303,Ambivalent
304,Ambivalent
305,Ambivalent
306,Ambivalent
307,Ambivalent
